{
    "L_junction": 180,
    "mu_C": 1,
    "mu_L": 4,
    "mu_R": 4,
    "L_barr_L": 5,
    "L_barr_R": 5,
    "V_barr_L": 2,
    "V_barr_R": 2,
    "Delta_0": 0.25,
    "theta_LR": 3.141592653589793,
    "alpha_z_L": 2.0,
    "alpha_z_C": 2.0,
    "alpha_z_R": 2.0,
    "h_x_L": 0,
    "h_x_C": -0.17566998242411705,
    "h_x_R": 0,
    "h_y_L": 0,
    "h_y_C": 0.9208942975581457,
    "h_y_R": 0
}